No,Date,Month,Who,Description,Income,Expense,Balance,Categories,Under_Categories,2nd_Under_Categories,Voucher No,Remark
1,3-Jun-25,6,Lwin Ko Oo,Materials for Garden,,"80,000","-80,000",EXPENSE,General Expense,,,
2,3-Jun-25,6,Lwin Ko Oo,For buying cooking oil,,"95,000","-95,000",EXPENSE,Food,,,
3,3-Jun-25,6,Lwin Ko Oo,Fuel for going to buy cooking oil,,"14,000","-14,000",EXPENSE,Food,,,
4,4-Jun-25,6,Lwin Ko Oo,For buying Firewoods for YLFC,,"240,000","-240,000",EXPENSE,Ex Other,,,
5,7-Jun-25,6,Lwin Ko Oo,For food,,"168,000","-168,000",EXPENSE,Food,,,
6,7-Jun-25,6,Lwin Ko Oo,For buying rice for pig,,"140,000","-140,000",EXPENSE,Food,,,
7,11-Jun-25,6,Lwin Ko Oo,For buying rice,,"85,000","-85,000",EXPENSE,Food,,,
8,11-Jun-25,6,Lwin Ko Oo,For buying Spray for pigs,,"25,000","-25,000",EXPENSE,Health Care,,,
9,12-Jun-25,6,Lwin Ko Oo,Income for Buying computers,"11,335,000",,"11,335,000",INCOME,Project,,,
10,12-Jun-25,6,Lwin Ko Oo,Buying laptops for YLFC,,"10,650,000","-10,650,000",EXPENSE,TeachingLearningFeclities,Laptops&Accessories,,
11,12-Jun-25,6,Lwin Ko Oo,Buying printer for YLFC,,"685,000","-685,000",EXPENSE,Office,,,
12,13-Jun-25,6,Lwin Ko Oo,Income for buying Solar,"7,135,000",,"7,135,000",INCOME,Project,,,
13,13-Jun-25,6,Lwin Ko Oo,For buying Solar and accessories,,"7,135,000","-7,135,000",EXPENSE,Office,,,
14,14-Jun-25,6,Fr.Philip Aung Nge,Buying stationery for school,,"764,750","-764,750",EXPENSE,TeachingLearningFeclities,Stationery,V-67,
15,14-Jun-25,6,Sr.Pansy,Buying meterials of kitchen,,"22,500","-22,500",EXPENSE,Food,,,
16,14-Jun-25,6,Sr.Pansy,Buying meterials of kitchen,,"44,000","-44,000",EXPENSE,Food,,,
17,14-Jun-25,6,Lwin Ko Oo,For madicine for pigs,,"9,000","-9,000",EXPENSE,Health Care,,,
18,14-Jun-25,6,Lwin Ko Oo,For food,,"168,000","-168,000",EXPENSE,Food,,,
19,15-Jun-26,6,Fr.Philip Aung Nge,Trasportation of carrying computers,,"575,000","-575,000",EXPENSE,Ex Other,,,
20,16-Jun-25,6,Lwin Ko Oo,Purchasing Stationery for YLFC,,"1,771,750","-1,771,750",EXPENSE,TeachingLearningFeclities,Stationery,,
21,21-Jun-25,6,Lwin Ko Oo,For food,,"168,000","-168,000",EXPENSE,Food,,,
22,25-Jun-25,6,Lwin Ko Oo,For madicine for pigs,,"30,000","-30,000",EXPENSE,Health Care,,,
23,25-Jun-25,6,Lwin Ko Oo,For Fuel,,"10,000","-10,000",EXPENSE,Ex Other,,,
24,25-Jun-25,6,Lwin Ko Oo,For buying cow legs for pigs,,"16,000","-16,000",EXPENSE,Food,,,
25,27-Jun-25,6,Lwin Ko Oo,Buying rice (1) pack,,"120,000","-120,000",EXPENSE,Food,,,
26,28-Jun-25,6,Lwin Ko Oo,For Food,,"168,000","-168,000",EXPENSE,Food,,,
27,28-Jun-25,6,Lwin Ko Oo,Buying cow legs for pigs,,"20,000","-20,000",EXPENSE,Food,,,
28,29-Jul-25,7,Lwin Ko Oo,Buying guiter and accessories,,,0,,,,,
29,30-Jun-25,6,Lwin Ko Oo,Buying cow legs for pigs,,"8,000","-8,000",EXPENSE,Food,,,
30,30-Jun-25,6,Lwin Ko Oo,Stipend for June,,"600,000","-600,000",EXPENSE,PersonalCost,Teacher stipends,,
31,2-Jul-25,7,Tr.Gracy,Pretty Use for YLFC,,"300,000","-300,000",EXPENSE,General Expense,,,
32,2-Jul-25,7,Lwin Ko Oo,For buying building wall,,"768,000","-768,000",EXPENSE,Building,Construction,V-13,
33,3-Jul-25,7,Lwin Ko Oo,Buying woods for Building ,,"249,000","-249,000",EXPENSE,Building,Construction,V-12,
34,5-Jul-25,7,Theodoro,Income from Bank,"2,000,000",,"2,000,000",INCOME,Project,,,
35,3-Jul-25,7,Lwin Ko Oo,Income from Bank,"5,000,000",,"5,000,000",INCOME,Project,,Request form - 1,
36,4-Jul-25,7,Lwin Ko Oo,Buying for ingredients of cooking,,"45,000","-45,000",EXPENSE,Food,,V-1,
37,4-Jul-25,7,Lwin Ko Oo,Buying for materials of toilet,,"115,000","-115,000",EXPENSE,Office,,V-2,
38,4-Jul-25,7,Lwin Ko Oo,Buying for cooking oil,,"200,000","-200,000",EXPENSE,Food,,V-3,
39,4-Jul-25,7,Lwin Ko Oo,For buying vegetables for applicants,,"102,500","-102,500",EXPENSE,Food,,V-4,
40,4-Jul-25,7,Lwin Ko Oo,For buying vegetables and Beef for applicants,,"326,000","-326,000",EXPENSE,Food,,V-5,
41,4-Jul-25,7,Lwin Ko Oo,Buying for ingredients of cooking,,"489,000","-489,000",EXPENSE,Food,,V-6,
42,4-Jul-25,7,Lwin Ko Oo,For buying materials of kitchen,,"398,500","-398,500",EXPENSE,Food,,V-7,
43,4-Jul-25,7,Lwin Ko Oo,For buying materials of kitchen,,"55,000","-55,000",EXPENSE,Food,,V-8,
44,4-Jul-25,7,Lwin Ko Oo,For buying materials of kitchen,,"28,000","-28,000",EXPENSE,Food,,V-9,
45,4-Jul-25,7,Lwin Ko Oo,For buying materials of kitchen,,"74,000","-74,000",EXPENSE,Food,,V-10,
46,4-Jul-25,7,Lwin Ko Oo,For health care,,"50,000","-50,000",EXPENSE,Food,,V-11,
47,4-Jul-25,7,Lwin Ko Oo,Buying for ponds,,"180,000","-180,000",EXPENSE,Office,,,
48,4-Jul-25,7,Lwin Ko Oo,For lunch,,"31,000","-31,000",EXPENSE,Food,,,
49,5-Jul-25,7,Lwin Ko Oo,Buying materials for building,,"252,000","-252,000",Expense,Building,Construction,V-64,
50,5-Jul-25,7,Lwin Ko Oo,Buying Thambtrack,,"65,000","-65,000",Expense,Building,Construction,V-65,
51,5-Jul-25,7,Lwin Ko Oo,Buying wood for building,,"1,671,500","-1,671,500",Expense,Building,Construction,V-66,
52,6-Jul-25,7,Lwin Ko Oo,Students contribution,"12,570,000",,"12,570,000",INCOME,Student Contribution,,,
53,9-Jul-25,7,Lwin Ko Oo,Buying thumbtrack and fuel,,"41,000","-41,000",Expense,Office,,V-63,
54,10-Jul-25,7,Lwin Ko Oo,Buying materials for YLFC,,"135,000","-135,000",Expense,TeachingLearningFeclities,Stationery,V-61,
55,10-Jul-25,7,Lwin Ko Oo,Buying materials for YLFC,,"72,500","-72,500",Expense,TeachingLearningFeclities,Stationery,V-62,
56,11-Jul-25,7,Lwin Ko Oo,Buying solor accessories,,"91,000","-91,000",EXPENSE,Office,,V-14,
57,12-Jul-25,7,Lwin Ko Oo,Buying vegetables for applicants,,"169,500","-169,500",EXPENSE,Food,,V-15,
58,12-Jul-25,7,Lwin Ko Oo,For buying ingredients of cooking,,"313,500","-313,500",EXPENSE,Food,,V-16,
59,12-Jul-25,7,Lwin Ko Oo,Buying vegetables for applicants,,"163,000","-163,000",EXPENSE,Food,,V-17,
60,18-Jul-25,7,Lwin Ko Oo,Buying electricity accessories,,"197,500","-197,500",EXPENSE,Office,,V-19,
61,19-Jul-25,7,Lwin Ko Oo,For buying firewoods for YLFC,,"250,000","-250,000",EXPENSE,Office,,,
62,19-Jul-25,7,Lwin Ko Oo,Buying chickens for participants of YLFC,,"140,000","-140,000",EXPENSE,Food,,V-20,
63,19-Jul-25,7,Lwin Ko Oo,Buying vegetables for participants of YLFC,,"421,100","-421,100",EXPENSE,Food,,V-21,
64,19-Jul-25,7,Lwin Ko Oo,Buying materials for kitchen,,"45,500","-45,500",EXPENSE,Food,,V-22,
65,19-Jul-25,7,Lwin Ko Oo,Buying vegetables and ingredients of cooking,,"126,500","-126,500",EXPENSE,Food,,V-23,
66,19-Jul-25,7,Lwin Ko Oo,Buying eggs and vegetables,,"222,000","-222,000",EXPENSE,Food,,V-24,
67,20-Jul-25,7,Lwin Ko Oo,Buying textbooks for students of YLFC,,"4,074,000","-4,074,000",EXPENSE,TeachingLearningFeclities,Stationery,,
68,21-Jul-25,7,Lwin Ko Oo,Buying cooking oil for three months ,,"1,200,000","-1,200,000",EXPENSE,Food,,V-18,
69,21-Jul-25,7,Lwin Ko Oo,Buying Shark Topsun inverter,,"1,150,000","-1,150,000",EXPENSE,TeachingLearningFeclities,Laptops&Accessories,,
70,22-Jul-25,7,Lwin Ko Oo,Buying beef,,"100,000","-100,000",Expense,Food,,,
71,24-Jul-25,7,Lwin Ko Oo,Buying pork,,"110,000","-110,000",Expense,Food,,,
72,26-Jul-25,7,Lwin Ko Oo,Buying beef,,"50,000","-50,000",Expense,Food,,,
73,26-Jul-25,7,Lwin Ko Oo,Buying chickens for participants of YLFC,,"51,000","-51,000",EXPENSE,Food,,V-25,
74,26-Jul-25,7,Lwin Ko Oo,Buying vegetables for participants of YLFC,,"149,000","-149,000",EXPENSE,Food,,V-26,
75,26-Jul-25,7,Lwin Ko Oo,Buying ingredients of cooking,,"360,100","-360,100",EXPENSE,Food,,V-27,
76,26-Jul-25,7,Lwin Ko Oo,Buying vegetables for participants of YLFC,,"175,000","-175,000",EXPENSE,Food,,V-28,
77,26-Jul-25,7,Lwin Ko Oo,Buying vegetables for participants of YLFC,,"64,000","-64,000",EXPENSE,Food,,V-29,
78,29-Jul-25,7,Lwin Ko Oo,Buying beef,,"100,000","-100,000",Expense,Food,,,
79,29-Jul-25,7,Fr.Philip Aung Nge,Buying guiter and accessories,,"2,500,000","-2,500,000",EXPENSE,TeachingLearningFeclities,Music,,
80,29-Jul-25,7,Lwin Ko Oo,Teachers' stipend for YLFC (July),,"2,100,000","-2,100,000",EXPENSE,PersonalCost,Teacher stipends,Payment form-1,
81,30-Jul-25,7,Lwin Ko Oo,Buying beef,,"8,000","-8,000",Expense,Food,,,
82,31-Jul-25,7,Lwin Ko Oo,Buying pork,,"120,000","-120,000",Expense,Food,,,
83,2-Aug-25,8,Tr.Gracy,Pretty Use for YLFC,,"400,000","-400,000",EXPENSE,General Expense,,,
84,2-Aug-25,8,Lwin Ko Oo,Buying materials for kitchen,,"30,000","-30,000",EXPENSE,Food,,V-30,
85,2-Aug-25,8,Lwin Ko Oo,Buying ingredients of cooking,,"100,000","-100,000",EXPENSE,Food,,V-31,
86,2-Aug-25,8,Lwin Ko Oo,Buying vegetables for participants of YLFC,,"260,000","-260,000",EXPENSE,Food,,V-32,
87,2-Aug-25,8,Lwin Ko Oo,Buying vegetables for participants of YLFC,,"12,000","-12,000",EXPENSE,Food,,V-33,
88,2-Aug-25,8,Lwin Ko Oo,Buying vegetables for participants of YLFC,,"102,750","-102,750",EXPENSE,Food,,V-34,
89,2-Aug-25,8,Lwin Ko Oo,Buying eggs and vegetables,,"231,500","-231,500",EXPENSE,Food,,V-35,
90,2-Aug-25,8,Lwin Ko Oo,Buying beef,,"50,000","-50,000",EXPENSE,Food,,,
91,2-Aug-25,8,Lwin Ko Oo,Buying beef ,,"20,000","-20,000",EXPENSE,Food,,,
92,2-Aug-25,8,Lwin Ko Oo,Buying fish,,"180,000","-180,000",EXPENSE,Food,,,
93,3-Aug-25,8,Lwin Ko Oo,Buying vegetables for participants of YLFC,,"77,000","-77,000",EXPENSE,Food,,V-36,
94,5-Aug-25,8,Lwin Ko Oo,Buying beef,,"150,000","-150,000",EXPENSE,Food,,,
95,6-Aug-25,8,Fr.Philip Aung Nge,Buying guiter and accessories,,"10,000,000","-10,000,000",EXPENSE,TeachingLearningFeclities,Music,,
96,7-Aug-25,8,Lwin Ko Oo,Buying pork,,"230,000","-230,000",EXPENSE,Food,,,
97,7-Aug-25,8,Lwin Ko Oo,Buying solor lights,,"120,000","-120,000",EXPENSE,TeachingLearningFeclities,Stationery,V-44,
98,7-Aug-25,8,Fr.Philip Aung Nge,Buying guiter and accessories,,"571,150","-571,150",EXPENSE,TeachingLearningFeclities,Music,,
99,9-Aug-25,8,Lwin Ko Oo,Buying Fish for participants of YLFC,,"37,000","-37,000",EXPENSE,Food,,V-37,
100,9-Aug-25,8,Lwin Ko Oo,Buying vegetables for participants of YLFC,,"168,000","-168,000",EXPENSE,Food,,V-38,
101,9-Aug-25,8,Lwin Ko Oo,Buying vegetables and fish ,,"174,000","-174,000",EXPENSE,Food,,V-39,
102,9-Aug-25,8,Lwin Ko Oo,Buying eggs and vegetables,,"90,000","-90,000",EXPENSE,Food,,V-40,
103,9-Aug-25,8,Lwin Ko Oo,Buying vegetables for participants of YLFC,,"128,000","-128,000",EXPENSE,Food,,V-41,
104,9-Aug-25,8,Lwin Ko Oo,Buying vegetables and ingredients of cooking,,"371,500","-371,500",EXPENSE,Food,,V-42,
105,9-Aug-25,8,Lwin Ko Oo,Buying ingredients of cooking,,"52,000","-52,000",EXPENSE,Food,,V-43,
106,9-Aug-25,8,Lwin Ko Oo,Buying beef,,"140,000","-140,000",EXPENSE,Food,,,
107,9-Aug-25,8,Lwin Ko Oo,Buying fish,,"37,000","-37,000",EXPENSE,Food,,,
108,9-Aug-25,8,Fr.Philip Aung Nge,Buying violins accessories,,"33,000","-33,000",EXPENSE,TeachingLearningFeclities,Music,,Paid by Kpay
109,10-Aug-25,8,Fr.Philip Aung Nge,For buying rice,,"3,360,000","-3,360,000",EXPENSE,Food,,,Expended from Bank
110,12-Aug-25,8,Lwin Ko Oo,Buying beef,,"100,000","-100,000",EXPENSE,Food,,,
111,14-Aug-25,8,Lwin Ko Oo,Income from Bank,"5,000,000",,"5,000,000",INCOME,Project,,Request form - 2,
112,14-Aug-25,8,Lwin Ko Oo,Buying pork,,"130,000","-130,000",EXPENSE,Food,,,
113,14-Aug-25,8,Lwin Ko Oo,Buying uniforms for YLFC,,"1,344,000","-1,344,000",EXPENSE,TeachingLearningFeclities,Uniform,,
114,15-Aug-25,8,Lwin Ko Oo,School fees for August,"1,366,000",,"1,366,000",INCOME,Student Contribution,,,
115,15-Aug-25,8,Lwin Ko Oo,Buying vegetables and ingredients of cooking,,"347,000","-347,000",EXPENSE,Food,,V-44,
116,16-Aug-25,8,Lwin Ko Oo,Buying beef,,"90,000","-90,000",EXPENSE,Food,,V-45,
117,16-Aug-25,8,Lwin Ko Oo,Buying materials for kitchen,,"130,000","-130,000",EXPENSE,Food,,V-46,
118,16-Aug-25,8,Lwin Ko Oo,Buying ingredients of cooking,,"303,500","-303,500",EXPENSE,Food,,V-47,
119,16-Aug-25,8,Lwin Ko Oo,Buying vegetables for participants of YLFC,,"81,000","-81,000",EXPENSE,Food,,V-48,
120,16-Aug-25,8,Lwin Ko Oo,Buying vegetables for participants of YLFC,,"74,000","-74,000",EXPENSE,Food,,V-49,
121,16-Aug-25,8,Lwin Ko Oo,Buying vegetables for participants of YLFC,,"8,000","-8,000",EXPENSE,Food,,V-50,
122,16-Aug-25,8,Lwin Ko Oo,Buying materials for Ceremony,,"26,000","-26,000",EXPENSE,Ex Other,,V-54,For Fresher Welcome Ceremony
123,16-Aug-25,8,Lwin Ko Oo,Buying vegetables ,,"16,000","-16,000",EXPENSE,Ex Other,,V-55,For Fresher Welcome Ceremony
124,16-Aug-25,8,Lwin Ko Oo,Buying juice and sugar,,"45,000","-45,000",EXPENSE,Ex Other,,V-56,For Fresher Welcome Ceremony
125,16-Aug-25,8,Lwin Ko Oo,Buying ingredients of cooking,,"17,250","-17,250",EXPENSE,Ex Other,,V-57,For Fresher Welcome Ceremony
126,16-Aug-25,8,Lwin Ko Oo,Buying vegetables,,"20,000","-20,000",EXPENSE,Ex Other,,V-58,For Fresher Welcome Ceremony
127,16-Aug-25,8,Lwin Ko Oo,Buying vegetables,,"21,000","-21,000",EXPENSE,Ex Other,,V-59,For Fresher Welcome Ceremony
128,16-Aug-25,8,Lwin Ko Oo,Buying chickens,,"300,000","-300,000",EXPENSE,Ex Other,,V-60,For Fresher Welcome Ceremony
129,16-Aug-25,8,Lwin Ko Oo,Buying vegetables and ingredients of cooking,,"347,000","-347,000",EXPENSE,Food,,,
130,19-Aug-25,8,Lwin Ko Oo,Buying beef,,"120,000","-120,000",EXPENSE,Food,,,
131,19-Aug-25,8,Lwin Ko Oo,Income for Buying computers,"8,905,000",,"8,905,000",INCOME,Project,,,
132,19-Aug-25,8,Fr.Philip Aung Nge,Computers for YLFC school,,"8,905,000","-8,905,000",EXPENSE,TeachingLearningFeclities,Laptops&Accessories,V-68,
133,19-Aug-25,8,Fr.Philip Aung Nge,Keyboards for school,,"75,000","-75,000",EXPENSE,TeachingLearningFeclities,Laptops&Accessories,V-69,
134,20-Aug-25,8,Fr.Philip Aung Nge,Buying Violins,,"500,000","-500,000",EXPENSE,TeachingLearningFeclities,Music,,Paid by Kpay
135,21-Aug-25,8,Lwin Ko Oo,Buying pork,,"120,000","-120,000",EXPENSE,Food,,,
136,22-Aug-25,8,Lwin Ko Oo,Buying vegetables and ingredients of cooking,,"516,000","-516,000",EXPENSE,Food,,V-51,
137,22-Aug-25,8,Lwin Ko Oo,Buying vegetables for participants of YLFC,,"262,700","-262,700",EXPENSE,Food,,V-52,
138,22-Aug-25,8,Lwin Ko Oo,Buying vegetables for participants of YLFC,,"151,000","-151,000",EXPENSE,Food,,V-53,
139,25-Aug-25,8,Fr.Philip Aung Nge,Sport wears for students,,"2,052,000","-2,052,000",EXPENSE,TeachingLearningFeclities,Uniform,,Will be refund from students
140,25-Aug-25,8,Lwin Ko Oo,Buying firewoods for YLFC,,"400,000","-400,000",EXPENSE,Office,,,
141,27-Aug-25,8,Fr.Philip Aung Nge,Buying laptop for student,,"1,210,000","-1,210,000",EXPENSE,TeachingLearningFeclities,Laptops&Accessories,,
142,29-Aug-25,8,Lwin Ko Oo,Income from Bank,"8,200,000",,"8,200,000",INCOME,Project,,,
143,29-Aug-25,8,Lwin Ko Oo,Teachers' stipend for YLFC ( August),,"2,200,000","-2,200,000",EXPENSE,PersonalCost,Teacher stipends,Payment form-2,
144,30-Aug-25,8,Tr.Mine,Buying vegetables for participants of YLFC,,"95,000","-95,000",EXPENSE,Food,,V-70,
145,30-Aug-25,8,Tr.Mine,Buying fuel,,"18,500","-18,500",EXPENSE,Office,,V-71,
146,30-Aug-25,8,Tr.Mine,Buying vegetables for YLFC participants,,"47,000","-47,000",EXPENSE,Food,,V-72,
147,30-Aug-25,8,Lwin Ko Oo,Buying madicine for YLFC,,"350,000","-350,000",EXPENSE,Health Care,,,
148,30-Aug-25,8,Tr.Mine,Buying chilis,,"100,000","-100,000",EXPENSE,Food,,V-73,
149,30-Aug-25,8,Tr.Mine,Buying ingredients of cooking,,"159,000","-159,000",EXPENSE,Food,,V-74,
150,30-Aug-25,8,Tr.MIne,Buying vegetables for participants of YLFC,,"148,500","-148,500",EXPENSE,Food,,V-75,
151,30-Aug-25,8,Tr.Mine,Buying vegetables for participants of YLFC,,"150,000","-150,000",EXPENSE,Food,,V-76,
152,1-Sep-25,9,Lwin Ko Oo,School fees for September,"1,320,000",,"1,320,000",INCOME,Student Contribution,,,
153,3-Sep-25,9,Fr.Philip Aung Nge,Income from EDM,"18,000,000",,"18,000,000",INCOME,Project,,,
154,4-Sep-25,9,Fr.Philip Aung Nge,Income for buying rice,"4,773,750",,"4,773,750",INCOME,Project,,,
155,4-Sep-25,9,Fr.Philip Aung Nge,Buying rice for YLFC,,"4,773,750","-4,773,750",EXPENSE,Food,,,
156,5-Sep-25,9,Tr.Gracy,Pretty Use for YLFC,,"400,000","-400,000",EXPENSE,General Expense,,,
157,5-Sep-25,9,Lwin Ko Oo,Purchasing Firewoods for YLFC,,"200,000","-200,000",EXPENSE,Office,,,
158,5-Sep-25,9,Lwin Ko Oo,For pigs ,,"275,000","-275,000",EXPENSE,Ex Other,,,
159,6-Sep-25,9,Tr.Mine,Buying vegetables for partipants of YLFC,,"286,000","-286,000",EXPENSE,Food,,V-77,
160,6-Sep-25,9,Tr.Mine,Buying vegetables and ingredients of cooking,,"122,000","-122,000",EXPENSE,Food,,V-78,
161,6-Sep-25,9,Tr.Mine,Buying vegetables and ingredients of cooking,,"414,000","-414,000",EXPENSE,Food,,V-79,
162,6-Sep-25,9,Tr.Mine,Buying chickens for participants of YLFC,,"125,000","-125,000",EXPENSE,Food,,V-80,
163,6-Sep-25,9,Lwin Ko Oo,Carrying rice for YLFC,,"50,000","-50,000",EXPENSE,Food,,,
164,6-Sep-25,9,Tr.Mine,Buying vegetables for participants of YLFC,,"102,000","-102,000",EXPENSE,Food,,V-81,
165,13-Sep-25,9,Tr.Mine,Buying vegetables for partipants of YLFC,,"183,000","-183,000",EXPENSE,Food,,V-82,
166,13-Sep-25,9,Tr.Mine,Buying vegetables for participants of YLFC,,"141,000","-141,000",EXPENSE,Food,,V-83,
167,13-Sep-25,9,Tr.Mine,Buying vegetables for participants of YLFC,,"103,000","-103,000",EXPENSE,Food,,V-84,
168,13-Sep-25,9,Tr.Mine,Buying ingredients of cooking ,,"278,500","-278,500",EXPENSE,Food,,V-85,
169,13-Sep-25,9,Tr.Mine,Buying vegetables for participants of YLFC,,"20,000","-20,000",EXPENSE,Food,,V-86,
170,13-Sep-25,9,Tr.Mine,Buying vegetables for participants of YLFC,,"60,000","-60,000",EXPENSE,Food,,V-87,
171,14-Sep-25,9,Lwin Ko Oo,Buying ingredients of cooking,,"30,000","-30,000",EXPENSE,Food,,V-88,
172,15-Sep-25,9,Fr.Philip Aung Nge,Income for buying Jackets,"1,659,000",,"1,659,000",INCOME,Project,,,
173,15-Sep-25,9,Fr.Philip Aung Nge,Buying Jackets for YLFC and YLFCC,,"1,659,000","-1,659,000",EXPENSE,TeachingLearningFeclities,Uniform,,From Bank
174,19-Sep-25,9,Fr.Philip Aung Nge,Buying guiter and accessories,,"3,322,000","-3,322,000",EXPENSE,TeachingLearningFeclities,Music,,From Bank
175,20-Sep-25,9,Tr.Mine,Buying vegetables for participants of YLFC,,"125,000","-125,000",EXPENSE,Food,,V-95,
176,20-Sep-25,9,Tr.Mine,Buying ingredients of cooking,,"274,000","-274,000",EXPENSE,Food,,V-96,
177,20-Sep-25,9,Tr.Mine,Buying vegetables for participants of YLFC,,"134,000","-134,000",EXPENSE,Food,,V-97,
178,20-Sep-25,9,Tr.Mine,Buying vegetables for participants of YLFC,,"68,000","-68,000",EXPENSE,Food,,V-98,
179,20-Sep-25,9,Tr.Mine,Buying ingredients of cooking and vegetables,,"261,000","-261,000",EXPENSE,Food,,V-99,
180,20-Sep-25,9,Tr.Mine,Buying ingredients of cooking,,"146,000","-146,000",EXPENSE,Food,,V-100,
181,27-Sep-25,9,Tr.Mine,Buying vegetables for participants of YLFC,,"67,000","-67,000",EXPENSE,Food,,V-89,
182,27-Sep-25,9,Tr.Mine,Buying ingredients of cooking,,"168,500","-168,500",EXPENSE,Food,,V-90,
183,27-Sep-25,9,Tr.Mine,Buying vegetables for participants of YLFC,,"280,000","-280,000",EXPENSE,Food,,V-91,
184,27-Sep-25,9,Tr.Mine,Buying vegetables for participants of YLFC,,"142,500","-142,500",EXPENSE,Food,,V-92,
185,27-Sep-25,9,Tr.Mine,Buying Engine oil,,"25,000","-25,000",EXPENSE,Food,,V-93,
186,27-Sep-25,9,Tr.Mine,Transportaion Fees,,"30,000","-30,000",EXPENSE,Ex Other,,V-94,
187,30-Sep-25,9,Lwin Ko Oo,Teachers' stipend for YLFC (September),,"2,600,000","-2,600,000",EXPENSE,PersonalCost,Teacher stipends,Payment form-3,
188,30-Sep-25,9,Tr.Gracy,Pretty Use for YLFC,,"400,000","-400,000",EXPENSE,General Expense,,,
189,8-Oct-25,10,Tr.Mine,Buying materials for building,,"45,000","-45,000",EXPENSE,Ex Other,,V-112,
190,9-Oct-25,10,Lwin Ko Oo,Buying Zinc for roof,,"650,000","-650,000",EXPENSE,Building,Renovation,,
191,9-Oct-25,10,Lwin Ko Oo,Buying wood for building,,"550,000","-550,000",EXPENSE,Building,Renovation,,
192,9-Oct-25,10,tr.Mine,Buying thumbtrack ,,"6,000","-6,000",EXPENSE,Ex Other,,V-113,
193,10-Oct-25,10,Fr.Philip Aung Nge,Income for buying textbooks,"800,000",,"800,000",INCOME,Project,,,
194,10-Oct-25,10,Fr.Philip Aung Nge,Buying textbooks for students of YLFC,,"800,000","-800,000",EXPENSE,TeachingLearningFeclities,,,
195,10-Oct-25,10,Fr.Philip Aung Nge,Buying guiter and accessories,,"2,001,000","-2,001,000",EXPENSE,TeachingLearningFeclities,Music,,
196,13-Oct-25,10,Lwin Ko Oo,Purchasing Materials for Renovation,,"336,000","-336,000",EXPENSE,Building,Renovation,V-101,
197,13-Oct-25,10,Lwin Ko Oo,Fuel for going to buy materials for building,,"100,000","-100,000",EXPENSE,Building,Renovation,V-102,
198,18-Oct-25,10,Tr.Mine,Buying vegetables for participants of YLFC,,"262,500","-262,500",EXPENSE,Food,,V-103,
199,18-Oct-25,10,Tr.Mine,Buying vegetables for participants of YLFC,,"44,000","-44,000",EXPENSE,Food,,V-104,
200,18-Oct-25,10,Tr.Mine,Buying vegetables for participants of YLFC,,"41,600","-41,600",EXPENSE,Food,,V-105,
201,18-Oct-25,10,Tr.Mine,Buying vegetables for participants of YLFC,,"154,000","-154,000",EXPENSE,Food,,V-106,
202,18-Oct-25,10,Tr.Mine,Buying ingredints of cooking,,"395,000","-395,000",EXPENSE,Food,,V-107,
203,18-Oct-25,10,Tr.Mine,Buying beef,,"50,000","-50,000",EXPENSE,Food,,V-108,
204,21-Oct-25,10,Tr.Mine,Buying beef ,,"100,000","-100,000",EXPENSE,Food,,V-109,
205,23-Oct-25,10,Tr.Mine,Buying beef and pork,,"165,000","-165,000",EXPENSE,Food,,V-110,
206,23-Oct-25,10,Tr.Mine,Buying pork for participants of YLFC,,"45,000","-45,000",EXPENSE,Food,,V-122,
207,25-Oct-25,10,Tr.Mine,Buying Beef for participants of YLFC,,"60,000","-60,000",EXPENSE,Food,,V-113,
208,25-Oct-25,10,Tr.Mine,Buying vegetables for participants of YLFC,,"131,000","-131,000",EXPENSE,Food,,V-114,
209,25-Oct-25,10,Tr.Mine,Buying vegetables for participants of YLFC,,"138,500","-138,500",EXPENSE,Food,,V-115,
210,25-Oct-25,10,Tr.Mine,Buying ingredients of cooking and vegetables,,"192,000","-192,000",EXPENSE,Food,,V-116,
211,25-Oct-25,10,Tr.Mine,Buying ingredients for cooking and vegetables,,"375,500","-375,500",EXPENSE,Food,,V-117,
212,25-Oct-25,10,Tr.Mine,Fuel for YLFC,,"20,000","-20,000",EXPENSE,Ex Other,,V-118,
213,25-Oct-25,10,Tr.Mine,Buying solar light and vegetables,,"65,000","-65,000",EXPENSE,Food,,V-119,
214,28-Oct-25,10,Tr.Mine,Buying Beef for participants of YLFC,,"140,000","-140,000",EXPENSE,Food,,V-120,
215,28-Oct-25,10,Lwin Ko Oo,School fees for October,"1,400,000",,"1,400,000",INCOME,Student Contribution,,,
216,28-Oct-25,10,Lwin Ko Oo,Income from Bank,"6,200,000",,"6,200,000",INCOME,Project,,,
217,30-Oct-25,10,Tr.Mine,Buying Beef and chili,,"155,000","-155,000",EXPENSE,Food,,V-121,
218,30-Oct-25,10,Tr.Gracy,Pretty Use for YLFC,,"400,000","-400,000",EXPENSE,General Expense,,,
219,1-Nov-25,11,Lwin Ko Oo,Teachers' stipend for YLFC (October),,"2,800,000","-2,800,000",EXPENSE,PersonalCost,Teacher stipends,Payment form-4,
220,1-Nov-25,11,Tr.Mine,Buying beef for participants of YLFC,,"56,000","-56,000",EXPENSE,Food,,V-123,
221,1-Nov-25,11,Tr.Mine,Buying ingredients of cooking and vegetables,,"235,000","-235,000",EXPENSE,Food,,V-124,
222,1-Nov-25,11,Tr.Mine,Buying vegetables for participants of YLFC,,"143,000","-143,000",EXPENSE,Food,,V-125,
223,1-Nov-25,11,Tr.Mine,Buying cooking oil,,"190,000","-190,000",EXPENSE,Food,,V-126,
224,1-Nov-25,11,Tr.Mine,Buying ingredients of cooking for participants of YLFC,,"69,000","-69,000",EXPENSE,Food,,V-127,
225,1-Nov-25,11,Tr.Mine,Buying ingredients of cooking for participants of YLFC,,"255,000","-255,000",EXPENSE,Food,,V-128,
226,4-Nov-25,11,Tr.Mine,Buying Beef for participants of YLFC,,"100,000","-100,000",EXPENSE,Food,,V-129,
227,5-Nov-25,11,Fr.Philip Aung Nge,Income for buying uniforms,"1,660,000",,"1,660,000",INCOME,Project,,,
228,5-Nov-25,11,Fr.Philip Aung Nge,Buying uniforms for YLFC and YLFCC,,"1,660,000","-1,660,000",EXPENSE,TeachingLearningFeclities,Uniform,,From Bank
229,5-Nov-25,11,Tr.Mine,Buying ingredients of cooking and vegetables,,"251,000","-251,000",EXPENSE,Food,,V-130,
230,5-Nov-25,11,Tr.Mine,Buying Chickens for participants of YLFC,,"64,000","-64,000",EXPENSE,Food,,V-131,
231,6-Nov-25,11,Tr.Mine,Buying pork for participants of YLFC,,"120,000","-120,000",EXPENSE,Food,,V-132,
232,8-Nov-25,11,Tr.Mine,Buying vegetables for participants of YLFC,,"140,000","-140,000",EXPENSE,Food,,V-133,
233,8-Nov-25,11,Tr.Mine,"Buying Beef, and pork for participants of YLFC",,"292,000","-292,000",EXPENSE,Food,,V-134,
234,8-Nov-25,11,Tr.Mine,Buying ingredients of cooking for participants of YLFC,,"50,000","-50,000",EXPENSE,Food,,V-135,
235,8-Nov-25,11,Tr.Mine,Buying ingredients of cooking for participants of YLFC,,"105,000","-105,000",EXPENSE,Food,,V-136,
236,8-Nov-25,11,Tr.Mine,Buying vegetables for participants of YLFC,,"175,000","-175,000",EXPENSE,Food,,V-137,
237,8-Nov-25,11,Tr.Mine,Buying materials of cooking,,"20,000","-20,000",EXPENSE,Food,,V-138,
238,8-Nov-25,11,Lwin Ko Oo,Students contribution,"1,500,000",,"1,500,000",INCOME,Student Contribution,,,
239,11-Nov-25,11,Lwin Ko Oo,Honorarium for Sayar U Htay Naing,,"250,000","-250,000",EXPENSE,PersonalCost,Honorarium,,
240,11-Nov-25,11,Lwin Ko Oo,Honorarium for Sr. Christine,,"250,000","-250,000",EXPENSE,PersonalCost,Honorarium,,
241,11-Nov-25,11,Tr.Mine,Buying Beef for participants of YLFC,,"120,000","-120,000",EXPENSE,Food,,V-139,
242,12-Nov-25,11,Ko Doro,Income for buying cooking oil,"1,200,000",,"1,200,000",INCOME,Project,,,
243,12-Nov-25,11,Lwin Ko Oo,Buying cooking oil for three months ,,"1,200,000","-1,200,000",EXPENSE,Food,,,
244,13-Nov-25,11,Tr.Mine,Buying pork for participants of YLFC,,"140,000","-140,000",EXPENSE,Food,,V-140,
245,14-Nov-25,11,Fr.Philip Aung Nge,Buying sport equipment for YLFC,,"830,000","-830,000",EXPENSE,TeachingLearningFeclities,Sport,,
246,24-Nov-25,11,Lwin Ko Oo,School fees for November,"500,000",,"500,000",INCOME,Student Contribution,,,
247,24-Nov-25,11,Lwin Ko Oo,Fuel for buying cooking oil,,"100,000","-100,000",EXPENSE,Ex Other,,V-141,
248,1-Dec-25,12,Lwin Ko Oo,Teachers' stipend for YLFC (November),,"2,900,000","-2,900,000",EXPENSE,PersonalCost,Teacher stipends,Payment form-5,
249,10-Jan-26,1,Lwin Ko Oo,School fees for December and January,"1,310,000",,"1,310,000",INCOME,Student Contribution,,,
250,23-Dec-25,12,Fr.Philip Aung Nge,Buying rice for YLFC,,"4,750,000","-4,750,000",EXPENSE,Food,,,
251,31-Dec-25,12,Lwin Ko Oo,Teachers' stipend for YLFC (December),,"3,000,000","-3,000,000",EXPENSE,PersonalCost,Teacher stipends,Payment form-6,
252,16-Jan-26,1,Lwin Ko Oo,Buying firewoods for YLFC,,"900,000","-900,000",EXPENSE,Office,,,
253,31-Jan-26,1,Lwin Ko Oo,Teachers' stipend for YLFC (January),,"3,000,000","-3,000,000",EXPENSE,PersonalCost,Teacher stipends,Payment form-7,
254,30-Nov-25,11,Tr.Gracy,Pretty Use for YLFC,,"400,000","-400,000",EXPENSE,General Expense,,,
255,31-Dec-25,12,Tr.Gracy,Pretty Use for YLFC,,"400,000","-400,000",EXPENSE,General Expense,,,
256,31-Jan-26,1,Lwin Ko Oo,Food for YLFC,,"1,550,000","-1,550,000",EXPENSE,Food,,,
257,30-Jan-26,1,Lwin Ko Oo,Food for YLFC,,"1,550,000","-1,550,000",EXPENSE,Food,,,
258,7-Feb-26,2,Lwin Ko Oo,Food for YLFC,,"1,550,000","-1,550,000",EXPENSE,Food,,,
259,9-Feb-26,2,Lwin Ko Oo,Teachers' stipend for YLFC (January),,"3,150,000","-3,150,000",EXPENSE,PersonalCost,Teacher stipends,Payment form-7,
260,10-Feb-26,2,Lwin Ko Oo,Pretty Use for YLFC,,"400,000","-400,000",EXPENSE,General Expense,,,
261,15-Feb-26,2,Lwin Ko Oo,Food for YLFC,,"1,550,000","-1,550,000",EXPENSE,Food,,,
262,29-Nov-25,11,Theodoro,Income from Bank,"3,360,000",,"3,360,000",INCOME,Project,,,
263,31-Dec-25,12,Lwin Ko Oo,Income From Bank,"9,500,000 ks",,"9,500,000 ks",INCOME,Project,,Rquest Form - 1,
264,4-Jan-26,1,Tr. Cathorine Mai,For Food,,"1,550,000 ks","-1,550,000 ks",EXPENSE,Food,,,
265,10-Jan-26,1,Tr. Cathorine Mai,For Food,,"1,550,000 ks","-1,550,000 ks",EXPENSE,Food,,,
266,17-Jan-26,1,Tr. Cathorine Mai,For Food,,"1,550,000 ks","-1,550,000 ks",EXPENSE,Food,,,
267,24-Jan-26,1,Tr. Cathorine Mai,For Food,,"1,550,000 ks","-1,550,000 ks",EXPENSE,Food,,,
268,31-Jan-26,1,Tr. Cathorine Mai,For Food,,"1,550,000 ks","-1,550,000 ks",EXPENSE,Food,,,
269,7-Feb-26,2,Tr. Cathorine Mai,For Food,,"1,550,000 ks","-1,550,000 ks",EXPENSE,Food,,,
270,9-Feb-26,2,To YLFC Teachers,Monthly Stipend for YLFC,,"3,150,000 ks","-3,150,000 ks",EXPENSE,PersonalCost,Teacher stipends,,
271,14-Feb-26,2,Tr. Cathorine Mai,Buying cooking oil for YLFC,,"500,000 ks","-500,000 ks",EXPENSE,Food,,,
272,14-Feb-26,2,Tr. Cathorine Mai,For Food,,"1,550,000 ks","-1,550,000 ks",EXPENSE,Food,,,
273,19-Feb-26,2,Lwin Ko Oo,Honorarium for Sr. Benedett Day Day,,"200,000 ks","-200,000 ks",EXPENSE,PersonalCost,Honorarium,,
274,21-Feb-26,2,Tr. Cathorine Mai,For Food,,"1,550,000 ks","-1,550,000 ks",EXPENSE,Food,,,
275,22-Feb-26,2,Lwin Ko Oo,Honorarium for Sr. Benedett Ri Moe,,"300,000 ks","-300,000 ks",EXPENSE,PersonalCost,Honorarium,,
276,23-Feb-26,2,Lwin Ko Oo,Income From Bank,"6,750,000 ks",,"6,750,000 ks",INCOME,Project,,,
277,26-Feb-26,2,Lwin Ko Oo,Income From Bank,"5,250,000 ks",,"5,250,000 ks",INCOME,Project,,,
278,27-Feb-26,2,Tr. Cathorine Mai,For Food,,"1,550,000 ks","-1,550,000 ks",EXPENSE,Food,,,
279,27-Feb-26,2,Lwin Ko Oo,Monthly Stipend for YLFC,,"3,150,000 ks","-3,150,000 ks",EXPENSE,PersonalCost,Teacher stipends,,
280,27-Feb-26,2,Tr. Gracy Myat Noe Thu,Pretty Cash for YLFC,,"400,000 ks","-400,000 ks",EXPENSE,General Expense,,,
281,7-Mar-26,3,Lwin Ko Oo,Borrowed from Guitar Costs,"1,550,000 ks",,"1,550,000 ks",INCOME,In other,,,
282,7-Mar-26,3,Tr. Cathorine Mai,For Food,,"1,550,000 ks","-1,550,000 ks",EXPENSE,Food,,,Need to refund to Guitar costs
283,13-Mar-26,3,Lwin Ko Oo,Income From Bank,"2,915,000 ks",,"2,915,000 ks",INCOME,Project,,,
284,13-Mar-26,3,Lwin Ko Oo,For outreach Program,,"2,915,000 ks","-2,915,000 ks",EXPENSE,Ex Other,,,
285,21-Mar-26,3,Lwin Ko Oo,Income From Bank,"2,050,000 ks",,"2,050,000 ks",INCOME,Project,,,
286,21-Mar-26,3,Lwin Ko Oo,For Food,,"1,550,000 ks","-1,550,000 ks",EXPENSE,Food,,,
287,21-Mar-26,3,Lwin Ko Oo,Buying cooking oil for YLFC,,"500,000 ks","-500,000 ks",EXPENSE,Food,,,
288,29-Mar-26,3,Lwin Ko Oo,Income From Bank,"1,600,000 ks",,"1,600,000 ks",INCOME,Project,,,
289,29-Mar-26,3,Lwin Ko Oo,For Food,,"1,550,000 ks","-1,550,000 ks",EXPENSE,Food,,,
290,31-Mar-26,3,Lwin Ko Oo,Income From Bank,"4,072,500 ks",,"4,072,500 ks",INCOME,Project,,,
291,31-Mar-26,3,Lwin Ko Oo,Monthly Stipend for YLFC,,"3,150,000 ks","-3,150,000 ks",EXPENSE,PersonalCost,Teacher stipends,,
292,31-Mar-26,3,Lwin Ko Oo,Buying cooking oil and watermelon,,"922,500 ks","-922,500 ks",EXPENSE,Food,,,
293,31-Mar-26,3,Lwin Ko Oo,School fees from students,"2,104,000 ks",,"2,104,000 ks",INCOME,Student Contribution,,,
294,3-Apr-26,4,Lwin Ko Oo,Income From Bank,"2,700,000 ks",,"2,700,000 ks",INCOME,Project,,,
295,3-Apr-26,4,Lwin Ko Oo,Food and Refreshment,,"1,730,000 ks","-1,730,000 ks",EXPENSE,Ex Other,,,
296,3-Apr-26,4,Lwin Ko Oo,Decoration,,"300,000 ks","-300,000 ks",EXPENSE,Ex Other,,,
297,3-Apr-26,4,Lwin Ko Oo,Awarding Materials,,"374,000 ks","-374,000 ks",EXPENSE,Ex Other,,,
298,3-Apr-26,4,Lwin Ko Oo,Costume Hire,,"300,000 ks","-300,000 ks",EXPENSE,Ex Other,,,
299,4-Apr-26,4,Lwin Ko Oo,For Food,,"670,000 ks","-670,000 ks",EXPENSE,Food,,,
300,5-Apr-26,4,Lwin Ko Oo,Income From Bank,"2,120,000 ks",,"2,120,000 ks",INCOME,Project,,,
301,6-Apr-26,4,Lwin Ko Oo,Reimubursed insurance to YLFC students,,"3,450,000 ks","-3,450,000 ks",EXPENSE,Ex Other,,,
